Year,District,Mean ET (mm),Mean NDVI,Max temp(K),Min temp(K),DPT(K),Relative Humidity,Precipitation (mm),Area,Production
2014-15,Ahmadabad,20.60553587,0.380714886,307.7085063,288.0897042,285.9212929,47.3234681,5.271994905,216.5,136.44
2015-16,Ahmadabad,14.98043128,0.387206299,308.1757074,288.1166593,284.5883878,42.71640012,0.184218797,171.3,108.12
2016?17,Ahmadabad,18.91195264,0.496581555,307.858083,287.830532,285.2501656,45.43252968,1.375988337,124.15,78.99
2017?18,Ahmadabad,18.67573859,0.488892691,308.2638687,287.1977376,285.0123364,45.03026104,1.016813058,197.77,119.48
2018?19,Ahmadabad,14.38545368,0.419651134,308.31942,286.8658381,283.3300316,40.60605442,0.122405511,169.53,95.54
2019-20,Ahmadabad,38.75835589,0.391211699,306.3624361,289.2182777,287.1847154,51.71614963,4.570400937,146.01,88.66
2020-21,Ahmadabad,25.48816484,0.36618305,307.5819041,288.0705457,285.400331,45.93293833,0.773099205,123.73,76.64
2021-22,Ahmadabad,27.09902676,0.408356074,306.3208102,287.5250218,285.5320693,48.90590577,3.518959285,49.5,32.06
2014-15,Amreli,19.99403752,0.469030709,307.699489,288.9339472,285.2328515,44.12241289,4.848174676,4.63,2.23
2015-16,Amreli,17.40835579,0.494164673,308.7890953,289.6340811,283.8255373,38.12343168,0.819891238,12.34,4.36
2016?17,Amreli,24.88474389,0.29122554,308.7386637,287.5931114,283.5261241,39.7589492,0.982827635,9.14,3.2
2017?18,Amreli,19.78661699,0.412996434,308.2870935,287.3632189,284.4458418,43.13224399,1.484660713,12.56,9.95
2018?19,Amreli,12.84772442,0.490840255,309.4883376,289.2937932,282.1800168,33.78383427,0.138641692,9.03,5.17
2019-20,Amreli,39.29653678,0.478218606,306.654265,289.0157317,286.7149892,50.02954592,4.848876042,41.83,32.59
2020-21,Amreli,29.60594069,0.329494805,307.809948,287.7319553,284.6232018,43.78287739,0.630847597,53.19,23.95
2021-22,Amreli,31.51584663,0.46224695,306.3912776,287.2434314,285.1680828,48.05313049,3.234801259,37.54,33.43
2014-15,Anand,32.11811561,0.149411757,307.9215294,287.7619359,286.3255393,48.7567309,5.931573093,0.47,0.32
2015-16,Anand,24.84117402,0.50931598,308.4794731,287.4968985,285.0626534,44.49178278,0.289183203,2.24,1.53
2016?17,Anand,30.32730918,0.490114158,307.9986381,287.8053962,285.5267033,46.10701422,1.206892797,0,0
2017?18,Anand,26.61384929,0.45635844,308.3365372,288.5816958,285.641719,44.94216557,1.330279998,0.31,0.25
2018?19,Anand,27.09939301,0.35587509,308.4426642,289.4479651,283.8455584,38.77951504,0.09007542,0,0
2019-20,Anand,47.98391237,0.429660867,306.6014589,288.7054281,287.6417719,53.70490605,5.02444167,0,0
2020-21,Anand,34.61919942,0.483409362,307.7723792,287.381331,285.8664993,48.0696898,1.486809479,0,0
2021-22,Anand,32.28183724,0.471445084,306.4648355,288.7714012,285.9298053,48.15046509,3.187396785,0.11,0.08
2014-15,Arvalli,28.73602127,0.363781449,306.9697359,286.673112,285.3632867,48.66239219,5.371226303,1.65,1.11
2015-16,Arvalli,23.80895113,0.386038894,307.6141375,288.5270724,284.0604765,41.43319903,0.226219482,2.81,1.92
2016?17,Arvalli,30.08365064,0.387278792,307.4804446,287.4098451,284.3272998,43.77722521,2.050540041,1.94,1.45
2017?18,Arvalli,27.28509286,0.494285253,307.556211,287.6372155,284.2186965,43.07099511,1.088968328,0.3,0.24
2018?19,Arvalli,27.97647731,0.433906939,306.9352642,287.580596,283.4827884,41.8521406,0.153494636,0.76,0.44
2019-20,Arvalli,46.4199297,0.368678695,305.6049207,289.0275607,286.3939984,50.53717252,6.990175559,0.72,0.56
2020-21,Arvalli,32.45472454,0.421452082,306.6240882,287.8542348,285.0461857,46.47735692,1.870826226,0.92,0.78
2021-22,Arvalli,35.36314963,0.508933366,305.3914237,288.0231818,284.8836812,47.47370007,4.772904965,0.2,0.14
2014-15,Banas Kantha,20.45908197,0.46513054,307.5381412,287.2502015,281.6579469,36.71845669,1.249569992,685.14,424.31
2015-16,Banas Kantha,19.40800705,0.348518217,307.188143,285.3927927,281.387627,38.52364389,0.115490099,621,357.39
2016?17,Banas Kantha,21.89969246,0.377822929,306.9401515,288.2315064,282.7881967,39.1747944,3.854570097,649.1,486.15
2017?18,Banas Kantha,20.51926714,0.469466153,307.7242785,288.2523302,280.9797964,33.84332594,0.477594746,705.14,658.81
2018?19,Banas Kantha,18.31851033,0.469458541,307.6000329,287.5802264,279.0344215,30.32357305,0.250826058,719.52,492.75
2019-20,Banas Kantha,34.66565511,0.419700892,306.2284712,287.4103016,282.8891824,41.2949384,5.981637182,851.15,695.9
2020-21,Banas Kantha,24.9887435,0.38680492,306.6986091,286.7323029,281.6479971,38.21870163,0.655565879,772.08,807.51
2021-22,Banas Kantha,28.4053255,0.34220569,305.7770531,288.2710174,282.0647842,38.58924997,4.00134894,508.67,373.59
2014-15,Bharuch,21.46687724,0.355556904,307.1875916,289.2149032,287.356326,51.02968563,5.192632157,0,0
2015-16,Bharuch,17.41030783,0.449739243,307.6657804,290.1631753,286.6682615,46.78019059,0.870310899,0,0
2016?17,Bharuch,22.74071844,0.474500092,307.2010064,289.5687178,286.5833884,48.0059899,1.172331479,0,0
2017?18,Bharuch,20.84693252,0.228311172,307.5138121,289.2949425,287.0418694,49.40062063,1.736337109,0,0
2018?19,Bharuch,17.70828657,0.363014156,307.5444381,289.5954348,285.3133658,43.69499252,0.103009973,0,0
2019-20,Bharuch,36.67941614,0.475644663,305.9842233,290.3202968,288.7306408,55.91137249,4.491366345,0,0
2020-21,Bharuch,27.85290967,0.45048364,307.1232803,288.6878392,287.0543715,50.92989538,2.5507467,0,0
2021-22,Bharuch,29.18044037,0.289267628,305.7154458,288.75899,287.2060503,53.52889861,3.462409176,0,0
2014-15,Bhavnagar,19.75029649,0.402091148,307.2006068,289.9049916,286.2722099,46.5754405,4.877886073,2.92,1.97
2015-16,Bhavnagar,15.18743309,0.162470798,308.0535269,290.075258,285.0657953,41.74858036,0.676389532,2.05,1.4
2016?17,Bhavnagar,22.13645791,0.488435341,307.879559,289.3683202,284.9394466,42.49563231,1.055092164,1.53,1.14
2017?18,Bhavnagar,19.64928774,0.473175073,307.7563002,288.787514,285.6720266,45.53513115,1.636611972,1.23,0.97
2018?19,Bhavnagar,13.39930794,0.424274143,308.4571166,291.1524502,283.6100026,36.28992696,0.10144885,0.36,0.21
2019-20,Bhavnagar,35.49969393,0.348381764,306.2013907,289.9427806,287.607072,52.2636952,4.532630229,2.9,2.26
2020-21,Bhavnagar,27.00777473,0.424029752,307.3489423,287.9982943,285.6629624,47.1593885,0.871212162,3.36,2.83
2021-22,Bhavnagar,27.65169375,0.491602811,305.9781844,289.7031822,286.0625094,47.92931564,2.916631131,4.59,3.31
2014-15,Botad,21.79497317,0.416762708,307.9478163,289.3516536,284.636798,41.59094691,4.520071492,20.22,10.63
2015-16,Botad,14.80614865,0.367339944,308.4913175,288.7592926,283.3341218,38.19604034,0.447890042,14.56,8.39
2016?17,Botad,19.08579239,0.301187653,308.802643,289.495452,283.2889778,36.91908428,1.055963361,2.65,1.17
2017?18,Botad,20.42202052,0.353495607,308.4688885,287.5900081,283.7061577,40.5671841,0.90946518,11.44,6.11
2018?19,Botad,11.54220134,0.473346452,308.994251,288.698936,281.9776047,34.41433531,0.146715882,13.29,6.3
2019-20,Botad,38.40264869,0.43115344,306.7178483,288.1593629,286.1582568,49.40243792,3.696990147,27.55,13.52
2020-21,Botad,29.59211203,0.332414969,307.8080566,286.5027476,284.0493448,43.72922674,0.643683504,46.69,28.52
2021-22,Botad,30.38586128,0.416712426,306.629988,285.2785257,284.3710302,48.02405935,4.262255693,18.48,9.1
2014-15,Chhotaudepur,27.16666619,0.495509692,307.523152,288.7640464,285.9775352,46.81137465,6.615258303,0,0
2015-16,Chhotaudepur,20.82806429,0.481477475,308.5306593,287.8987207,284.844343,43.26843923,1.357588618,0,0
2016?17,Chhotaudepur,29.56734089,0.358100599,307.4810036,287.0557911,285.0508349,46.4102505,1.583320194,0,0
2017?18,Chhotaudepur,25.31832532,0.418633565,307.8598581,288.3341362,285.0865519,44.27412039,2.316432727,0,0
2018?19,Chhotaudepur,24.79981523,0.480615803,307.9590075,289.3239587,283.7359075,39.19619295,0.21156654,0,0
2019-20,Chhotaudepur,42.60952165,0.493874608,306.0565503,287.6496191,287.6241993,56.27860323,6.929533579,0,0
2020-21,Chhotaudepur,34.353043,0.422804245,307.1459933,286.3556722,286.0121517,50.99357401,5.713241009,0,0
2021-22,Chhotaudepur,39.52322162,0.408786884,305.8298832,287.5882846,285.7463303,50.23972499,5.745612994,0,0
2014-15,Dang,28.19260871,0.378021872,308.6186565,288.5672237,287.4848566,50.27260271,6.572828451,0,0
2015-16,Dang,18.36013685,0.381694777,308.7732544,287.7454745,287.9038575,52.68363079,2.999992334,0,0
2016?17,Dang,24.17887822,0.498754907,308.610359,288.0130875,286.2913849,47.30598711,1.4302903,0,0
2017?18,Dang,22.4552277,0.482374153,308.3789773,287.2285532,287.5332024,52.8532768,2.122809462,0,0
2018?19,Dang,16.4118755,0.294213911,308.5438374,287.836768,285.806482,46.16165469,0.846269184,0,0
2019-20,Dang,43.61464434,0.445001255,307.200451,289.0172696,289.4940333,58.8543565,6.978205174,0,0
2020-21,Dang,33.36264321,0.482202704,308.0261324,288.8961483,288.266108,53.28339473,7.928754895,0,0
2021-22,Dang,36.04228949,0.492023716,306.5391087,289.7142099,288.176951,54.04263208,7.894882804,0,0
2014-15,Devbhumi Dwarka,17.3023866,0.361513662,305.6107013,288.8374206,288.7808377,59.28750113,1.593041866,0,0
2015-16,Devbhumi Dwarka,11.6811078,0.479907964,306.1099478,290.5561158,288.6066813,54.87633297,0.534756876,0,0
2016?17,Devbhumi Dwarka,19.23412382,0.160299161,305.3279572,289.2533623,288.8433645,59.28810546,2.243074872,0,0
2017?18,Devbhumi Dwarka,18.17419398,0.499441675,306.3822985,288.1378413,289.2160356,60.82726806,0.179827782,0,0
2018?19,Devbhumi Dwarka,11.00257417,0.477069791,305.4172915,290.5731408,287.7588956,53.0204752,0.472634934,0,0
2019-20,Devbhumi Dwarka,34.88136415,0.472165419,304.7215413,289.0627103,288.6942732,60.14582101,1.47419655,0,0
2020-21,Devbhumi Dwarka,23.36696308,0.360733604,305.2939696,289.5235396,288.1844968,56.43530531,0.509652899,0,0
2021-22,Devbhumi Dwarka,30.33781628,0.464655782,304.1864837,288.6950256,288.4396098,60.80130031,3.220794212,0,0
2014-15,Dohad,23.6212621,0.492604718,306.5575729,288.4094077,285.2047943,46.28365105,8.224433974,25.47,19.01
2015-16,Dohad,14.04958309,0.490432289,307.6205749,288.8862939,284.0189641,40.87209601,1.684071681,4.5,2.38
2016?17,Dohad,26.48642058,0.370234167,306.6903265,287.9762412,284.0771647,43.34573839,2.150619769,48.32,18.82
2017?18,Dohad,22.05715012,0.378973923,307.1262351,287.315829,283.6705144,42.47323814,2.398358172,157.12,85.49
2018?19,Dohad,22.87471227,0.406926627,306.9407346,286.4010777,282.9381873,41.80245795,0.331127867,11.24,6.35
2019-20,Dohad,38.5465283,0.483745542,305.0844131,289.3596329,286.80927,52.21583686,7.633640483,1000.69,835.7
2020-21,Dohad,29.88673578,0.439703712,306.3881835,288.6397716,285.148907,46.02966498,8.22171544,885.21,645.93
2021-22,Dohad,34.74990609,0.348388716,305.0541705,287.6902013,284.8945751,48.47652167,8.881297135,570.54,337.78
2014-15,Gandhinagar,26.1546978,0.425662486,307.0580685,289.2043363,285.4717151,45.3180095,3.917573673,0,0
2015-16,Gandhinagar,21.57080836,0.513323062,307.6639907,289.5888654,283.9274502,39.73454782,0.142426086,0,0
2016?17,Gandhinagar,25.00314052,0.47727836,307.20451,287.7633055,285.0765418,45.89319066,1.694830956,0.19,0.14
2017?18,Gandhinagar,23.93477608,0.380602914,307.8597362,287.2939137,284.120974,42.84339479,0.586417891,0.26,0.21
2018?19,Gandhinagar,23.83187677,0.402485879,307.8333567,288.948614,282.7635318,37.27846223,0.162843294,0.04,0.02
2019-20,Gandhinagar,42.42142021,0.484169244,305.6682703,288.9555685,286.5943127,51.21431789,4.717804678,0.02,0.02
2020-21,Gandhinagar,27.56531056,0.502904189,306.8829267,287.3219104,285.016487,46.76822816,0.535038582,0.06,0.05
2021-22,Gandhinagar,30.40304509,0.44219653,305.6786362,287.1816145,285.0277556,48.73367911,4.091191563,0.06,0.04
2014-15,Gir Somnath,32.12439691,0.418737517,307.2305784,288.5431352,285.9930653,47.58096617,4.178251234,0.95,0.64
2015-16,Gir Somnath,25.44354199,0.380856772,308.4496567,288.7249288,284.9948135,42.74386839,1.021039994,0,0
2016?17,Gir Somnath,35.6707027,0.416570142,307.8624838,288.9819079,284.7801898,42.55754952,1.097972611,1.45,1.08
2017?18,Gir Somnath,31.29413017,0.495890834,307.7758313,289.6476111,285.5355171,43.96648919,1.699612774,0.61,0.48
2018?19,Gir Somnath,28.94094066,0.519289437,308.0026758,290.7221724,283.9371221,38.06732884,0.248189908,0.03,0.02
2019-20,Gir Somnath,45.20391221,0.297214723,305.8769084,289.3686934,287.4894821,53.2765653,4.518159719,0.2,0.16
2020-21,Gir Somnath,36.50512288,0.437412058,307.1196172,288.4758144,285.6625157,46.81001829,0.801818435,0.1,0.08
2021-22,Gir Somnath,39.3280988,0.503408746,305.6452242,289.7175519,286.1568966,48.68647967,3.646807565,0,0
2014-15,Jamnagar,15.82600756,0.482624628,307.401898,288.2121719,285.6447741,46.72959136,2.689407284,27.82,19.13
2015-16,Jamnagar,11.4683702,0.36497994,307.7680244,289.4735315,284.8462031,42.24285482,0.376085361,8.84,6.39
2016?17,Jamnagar,19.37729076,0.452272535,307.6744115,289.3390451,284.8494289,42.53861485,1.552558481,18.89,14.02
2017?18,Jamnagar,18.77928846,0.178489462,307.8000771,289.6157002,285.3673122,43.49316907,0.338754761,50.16,38.71
2018?19,Jamnagar,10.8639997,0.512907579,307.4686332,289.3361699,283.7854394,39.88747233,0.267593074,29.35,20.71
2019-20,Jamnagar,35.54263352,0.507802385,305.8695032,289.9695668,286.6493273,49.56584756,2.813075338,165.41,137.9
2020-21,Jamnagar,25.15015727,0.470544228,306.6542599,287.1627737,285.1731403,47.80656621,0.806340874,235.41,224.46
2021-22,Jamnagar,27.8441864,0.382103629,305.6523085,287.6445626,285.5460885,49.7653987,4.041153276,110.83,92.37
2014-15,Junagadh,31.69681251,0.466595632,307.6123208,287.0713058,285.0902287,46.32678226,3.755437364,115.7,91.39
2015-16,Junagadh,21.01317088,0.520257641,308.6086677,285.3274747,283.9555047,43.94846073,1.037926637,14.9,12.29
2016?17,Junagadh,34.09946133,0.483762607,308.212343,288.3645311,283.6302204,39.74527311,1.033351977,56.6,51.35
2017?18,Junagadh,27.38488967,0.390651737,308.1268289,288.2091961,284.2741403,41.78213308,0.813386794,90.51,70.73
2018?19,Junagadh,23.81476425,0.369873899,308.7452743,287.969003,282.3988894,36.4488204,0.207608994,188.05,235.77
2019-20,Junagadh,48.18561243,0.417541066,306.3198537,287.6694657,286.5414691,52.01841582,3.974390529,94.81,145.95
2020-21,Junagadh,37.24648462,0.505320399,307.2101094,287.7521179,284.5928046,44.45801277,0.784152427,69.04,68.64
2021-22,Junagadh,40.19709925,0.463954056,305.9604304,288.6931458,285.1757202,46.63031259,4.075050416,59.4,61.19
2014-15,Kachchh,8.110815379,0.381840066,307.8426702,287.3050231,283.7855482,41.90585387,1.410724515,58.32,39.93
2015-16,Kachchh,9.578664245,0.467890534,307.7345101,287.7868325,283.3101733,40.14733627,0.226637879,331.25,248.87
2016?17,Kachchh,9.932285486,0.521801799,307.5389262,287.8351969,284.2085521,42.81037629,2.132387179,232.39,181.84
2017?18,Kachchh,9.877984804,0.517440056,308.2445064,287.4577627,283.6441917,40.83157192,0.289831381,351.18,283.73
2018?19,Kachchh,6.261143588,0.341451578,307.5728748,287.3820076,282.0543931,37.52888259,0.253094751,459.01,352.14
2019-20,Kachchh,21.48315758,0.330360715,306.1164067,287.2459679,284.9483513,47.75166971,4.214101384,620.9,526.55
2020-21,Kachchh,17.30107482,0.482601513,307.2119579,285.8031864,283.4015954,43.54516935,0.811855854,717.98,640.93
2021-22,Kachchh,17.32143732,0.493630335,306.1851233,286.2718393,284.2309341,46.7979099,3.44847331,412.84,366.89
2014-15,Kheda,29.89655056,0.405865691,307.8088498,288.4724427,286.1379027,47.3130868,5.704223723,1.27,0.86
2015-16,Kheda,22.97986604,0.387749963,308.4633886,288.7893718,284.8627726,42.27504423,0.364268982,0.33,0.22
2016?17,Kheda,27.83759464,0.321355282,307.9036227,287.5711442,285.3261958,45.95253044,1.419231752,0.14,0.1
2017?18,Kheda,25.50021687,0.322216194,308.2072551,286.8114026,285.4136059,46.85127321,1.359373794,0.66,0.52
2018?19,Kheda,26.45684855,0.478212321,308.2388933,289.3350198,283.7792751,38.97225579,0.107356382,0.89,0.51
2019-20,Kheda,46.78291521,0.445822066,306.4449192,288.1627639,287.4672258,54.22456427,5.551037893,1.3,1.01
2020-21,Kheda,32.18467965,0.228390588,307.5554952,286.2364158,285.7843711,49.80254138,1.892546268,1.08,0.91
2021-22,Kheda,31.29935709,0.436346668,306.253437,287.8598809,285.7568528,49.23553104,3.625731733,1.12,0.81
2014-15,Mahesana,26.59220937,0.477462651,307.0643832,287.7074859,285.2738243,46.76652017,3.759917478,0.05,0.03
2015-16,Mahesana,22.45497397,0.467928908,307.6196384,287.3050845,283.8012351,42.23016792,0.142716299,0.2,0.14
2016?17,Mahesana,26.51478363,0.283992286,307.1607722,287.8316963,284.9630048,45.5173954,2.046981898,0.1,0.07
2017?18,Mahesana,25.71404041,0.416874293,307.8252264,287.1157758,283.9779901,42.70889799,0.598109091,0.26,0.21
2018?19,Mahesana,23.09125461,0.139730219,307.8102696,287.7236939,282.5630838,38.17163933,0.170011467,0.37,0.21
2019-20,Mahesana,42.93531739,0.502519769,305.6765774,288.0590172,286.3996873,51.93415838,4.842833085,0,0
2020-21,Mahesana,28.44822634,0.459972295,306.8371903,286.2854112,284.8642814,47.83143371,0.57550162,0.03,0.03
2021-22,Mahesana,33.20248468,0.470178558,305.6464717,284.7016382,284.8837094,52.08905049,4.151754797,0,0
2014-15,Mahisagar,27.25728379,0.305597139,307.0297087,288.3195713,285.4053691,46.36568722,5.404679145,35.47,11.62
2015-16,Mahisagar,19.86933529,0.423215189,307.6904731,287.5368155,284.1056445,42.70575154,0.253090155,18.09,6.77
2016?17,Mahisagar,28.4955286,0.468169782,307.5079393,287.1748419,284.3819474,44.20970674,2.019303249,18.3,8.26
2017?18,Mahisagar,23.77791609,0.4819671,307.5938874,287.7941048,284.2957964,43.04102789,1.127088289,23.05,11.2
2018?19,Mahisagar,25.70563709,0.330992009,307.0163887,288.8221895,283.5073354,40.2965007,0.151485494,16.98,8.31
2019-20,Mahisagar,42.46347012,0.314805276,305.6583995,287.469801,286.4650983,53.11759367,6.964828963,8.28,4.71
2020-21,Mahisagar,31.65139116,0.33958991,306.6747678,286.4490051,285.1026603,48.58757649,1.929074209,4.51,3.8
2021-22,Mahisagar,32.34885091,0.490316468,305.4361917,286.9246584,284.9369005,49.17797204,4.754931202,2.3,1.66
2014-15,Morbi,17.34439536,0.425269735,308.1091408,287.5623076,284.3639767,42.87190605,2.815756792,207.22,183.39
2015-16,Morbi,15.07641583,0.331161514,308.2863951,286.6309139,283.3146735,40.89057682,0.256321324,176.73,137.18
2016?17,Morbi,18.3647123,0.403295257,308.4752295,287.8869798,283.5743172,39.85089139,1.261908744,121.08,94.7
2017?18,Morbi,17.78826925,0.509123164,308.4215733,287.1725341,283.7628859,41.28872922,0.426039137,184.83,140.21
2018?19,Morbi,11.36284687,0.446510919,308.3423239,287.7046387,282.1023547,36.44348969,0.189558025,198.47,98.89
2019-20,Morbi,36.28769787,0.426264769,306.3445511,287.0107349,285.8681537,50.73817018,3.202027786,86.1,58.73
2020-21,Morbi,25.38333482,0.498450357,307.3807837,287.355847,283.9482177,42.88582225,0.790777812,245.83,172.93
2021-22,Morbi,26.30095756,0.523275949,306.3469007,288.1841458,284.4127798,44.5018268,4.045822164,239.35,188.97
2014-15,Narmada,23.66012188,0.559892649,308.3428007,287.7950238,286.9928788,50.23589029,6.118587548,0,0
2015-16,Narmada,18.07747541,0.48607439,308.6476778,289.3375633,286.9353959,47.38005081,1.845803289,0,0
2016?17,Narmada,26.37824436,0.459114464,308.0797906,287.4437604,286.2375848,48.70943107,1.241481705,0,0
2017?18,Narmada,22.48461387,0.444811752,308.2559347,287.0811671,286.8485974,50.96972525,1.876259858,0,0
2018?19,Narmada,18.42596846,0.497950351,308.5113318,289.1644583,285.1252289,42.47751715,0.158562394,0,0
2019-20,Narmada,39.55367937,0.557734525,306.7743255,288.6546457,288.8939267,57.99176695,5.180861786,0,0
2020-21,Narmada,30.89487102,0.560208166,307.875076,288.5571327,287.3403552,50.93195383,4.973130082,0,0
2021-22,Narmada,36.39135832,0.380237569,306.2217122,287.9403265,287.3544822,54.55426328,5.549282918,0,0
2014-15,Navsari,26.72601846,0.496856265,307.691864,289.42403,288.0802296,52.34889424,5.672200793,0,0
2015-16,Navsari,22.97716726,0.543983121,307.9081951,289.9016078,288.2773203,51.9379781,2.45007672,0,0
2016?17,Navsari,25.8892907,0.535775401,307.6861118,289.2396557,287.042387,49.23098624,1.358764576,0,0
2017?18,Navsari,24.90074369,0.443062106,307.5969004,288.872257,288.152115,53.61115813,2.101195177,0,0
2018?19,Navsari,21.33553154,0.535553769,307.5756183,287.7501794,286.5161141,49.89592117,0.640891759,0,0
2019-20,Navsari,40.13230933,0.215366363,306.4078965,291.2700369,289.818091,57.53112657,5.755377739,0,0
2020-21,Navsari,32.45738742,0.559333658,307.2690333,290.1509412,288.5970724,53.6296898,6.32899444,0,0
2021-22,Navsari,32.31317191,0.541090797,305.840674,289.2408528,288.5726429,57.40399533,6.376838113,0,0
2014-15,Panch Mahals,26.40606677,0.535234192,308.0145961,289.9587819,286.0964553,44.8759075,5.135071525,0,0
2015-16,Panch Mahals,16.69027191,0.461386695,308.9440723,289.9374411,284.8474033,40.24780158,0.650697616,0,0
2016?17,Panch Mahals,27.67142858,0.522656128,307.9594623,287.4510697,285.2793825,45.89915731,1.375229262,0,0
2017?18,Panch Mahals,23.12878606,0.550571733,308.2126169,287.1589885,285.5619472,46.81377741,1.654493815,0.07,0.06
2018?19,Panch Mahals,24.65949373,0.553087498,308.3486333,289.2868953,283.9104508,39.24233879,0.109789435,0.12,0.07
2019-20,Panch Mahals,41.49690941,0.436241476,306.5366389,288.8901841,287.6327165,53.4816809,6.358545559,0,0
2020-21,Panch Mahals,31.86472475,0.436538805,307.5070389,287.9543946,286.0300983,48.14266275,2.856991131,0.19,0.16
2021-22,Panch Mahals,33.30408536,0.496380828,306.1713814,287.0529053,285.8108804,50.74785513,3.838757902,0.18,0.13
2014-15,Patan,17.02303655,0.556241508,307.9961934,287.3390685,284.4030746,43.41646297,2.609446055,384,221.61
2015-16,Patan,15.67380828,0.502770679,308.0890537,287.2666537,283.1412859,39.89309995,0.103256384,553.85,391.85
2016?17,Patan,18.38696186,0.454261067,307.9959989,287.1624066,284.3473512,43.48552812,2.070539627,406.15,277.89
2017?18,Patan,17.44569578,0.489174278,308.5256138,288.885688,283.377462,38.12484594,0.440764945,680.82,491.25
2018?19,Patan,13.10781097,0.568385776,308.421124,289.6822845,281.7187636,33.40938887,0.155367855,642.13,307.37
2019-20,Patan,33.33291281,0.533340568,306.2351024,288.2326249,285.9549962,49.35145682,3.437185533,482.83,251.9
2020-21,Patan,22.36625934,0.401032017,307.5299638,286.094959,284.0209663,44.55465994,0.599672614,334.48,268.9
2021-22,Patan,25.7827594,0.457471545,306.3304376,288.3011588,284.4284657,44.41416924,3.875407135,214.15,116.86
2014-15,Porbandar,24.09509944,0.501659092,306.7131624,288.8158413,287.8723914,54.14957952,2.028357762,139.5,109.23
2015-16,Porbandar,14.34527939,0.516816469,307.716161,290.4185671,287.3172256,48.35341237,0.788244822,36.45,25.9
2016?17,Porbandar,24.28160974,0.445888548,306.5203231,289.2186374,287.5347738,52.65189194,2.165682113,120.85,106.36
2017?18,Porbandar,21.5280952,0.441972776,307.5000252,290.5210282,288.0537104,50.87785764,0.319712331,215.13,205.24
2018?19,Porbandar,14.35544104,0.421419605,306.8952985,290.2166648,286.3323707,46.74981627,0.425163335,28.05,23.76
2019-20,Porbandar,38.37551252,0.466049322,305.6595027,290.9936616,288.1025085,53.14895976,2.039457924,302.1,311.72
2020-21,Porbandar,28.64429112,0.533750062,306.1825424,288.4323812,287.2692671,53.52286305,0.585788906,167.48,181.56
2021-22,Porbandar,33.65078457,0.552665408,305.0343411,288.7220243,287.561446,55.96650877,4.011251289,139.5,107.19
2014-15,Rajkot,20.99844877,0.347313282,307.8190451,287.2684553,284.7873534,44.86510928,3.809684655,53.75,49.41
2015-16,Rajkot,16.15276229,0.46967823,308.4625432,286.0824389,283.6733387,42.35047676,0.663069065,64.26,47.59
2016?17,Rajkot,23.33743774,0.501431964,308.4222911,288.7575925,283.4926394,38.68357165,1.040219669,47.17,51.4
2017?18,Rajkot,22.33274279,0.504795116,308.2438345,288.5167661,284.0588902,40.67291097,0.656889419,219.91,225.76
2018?19,Rajkot,14.8439958,0.399272082,308.5573786,288.1350639,282.320993,36.28160365,0.196597025,43.49,28.75
2019-20,Rajkot,41.01607116,0.49422792,306.3662735,287.7285257,286.2238132,50.79093788,3.611471295,292.68,253.56
2020-21,Rajkot,30.86688578,0.225677531,307.2792895,287.6877356,284.2983227,43.59305293,0.80390725,322.63,293.62
2021-22,Rajkot,31.3619443,0.530117251,306.15626,288.7612214,284.7651622,45.02767568,4.593092749,228.74,152.71
2014-15,Sabar Kantha,29.27627614,0.498760245,306.5842625,286.3887706,284.4271731,46.67852449,4.184724475,6.55,4.42
2015-16,Sabar Kantha,24.7061895,0.504797429,307.1031278,287.3848453,283.2101772,41.13100358,0.214019217,5.48,3.73
2016?17,Sabar Kantha,28.63954483,0.41178067,306.7028343,287.0899725,284.0645823,44.45916198,4.878064002,7.22,5.39
2017?18,Sabar Kantha,26.9321759,0.496340514,307.137084,286.6089495,283.2943794,42.29414039,0.866894859,1.83,1.45
2018?19,Sabar Kantha,27.76318752,0.545779846,306.8507237,286.7023647,282.1331943,39.34847049,0.300554662,7.77,4.45
2019-20,Sabar Kantha,44.73366144,0.528241588,305.1554434,287.2468104,285.5870979,51.26343897,6.597341236,0.16,0.12
2020-21,Sabar Kantha,32.52013052,0.405804659,306.1627509,285.4053883,284.1854811,47.9280065,2.194851061,0.46,0.39
2021-22,Sabar Kantha,35.81739615,0.413030374,305.0070764,285.5355235,284.130852,49.26430184,5.268492853,0.33,0.24
2014-15,Surat,22.43137859,0.452798175,307.6020725,289.4739289,287.375155,50.08011998,5.518994679,0,0
2015-16,Surat,17.41229184,0.518508583,307.9915216,289.5747235,287.0746973,48.40653139,1.490345611,0,0
2016?17,Surat,21.41183802,0.488526552,307.4971912,288.2030753,286.5882261,49.57379864,1.211946043,0,0
2017?18,Surat,20.55783701,0.411713875,307.7217172,287.7631704,287.2041045,51.92941025,1.87006198,0,0
2018?19,Surat,17.10256184,0.483390351,307.8354898,290.0617638,285.4890932,43.22233001,0.168852972,0,0
2019-20,Surat,35.66161684,0.547634839,306.2624053,289.213707,288.9986725,58.29913396,4.790566198,0,0
2020-21,Surat,27.83607412,0.529811318,307.3602953,287.2880811,287.4122689,53.96641683,4.021076393,0,0
2021-22,Surat,28.04263192,0.405326424,305.8396555,289.1937002,287.5056887,53.67170184,4.465630165,0,0
2014-15,Surendranagar,17.19084881,0.46089977,308.084029,288.621069,284.3748227,41.60306461,3.784988639,770.25,538.56
2015-16,Surendranagar,11.80748739,0.491975131,308.3778009,287.5163353,283.1326419,39.23489676,0.303320844,845.9,630.87
2016?17,Surendranagar,16.0208066,0.51752843,308.7121025,288.666629,283.4000753,38.2193361,1.309408283,932.87,706.85
2017?18,Surendranagar,16.34985044,0.472258785,308.5709333,288.4423284,283.4187421,38.68388412,0.625142191,842.22,617.68
2018?19,Surendranagar,12.57201494,0.455653652,308.7886652,289.1283591,281.8236695,33.83329571,0.167317671,957.4,311.91
2019-20,Surendranagar,35.66437104,0.418962373,306.6522808,288.6858203,285.9599982,48.09915823,3.203090317,693.48,392.57
2020-21,Surendranagar,23.18756728,0.466864366,307.7866588,287.0512454,283.8447042,42.46265535,0.639582862,753.56,551.28
2021-22,Surendranagar,26.14465565,0.570425306,306.6564189,285.8403326,284.1782724,46.57867699,4.059276014,473.27,336.2
2014-15,Tapi,25.02526664,0.575370498,308.2918246,289.924738,287.0463424,47.39738354,6.606380805,0,0
2015-16,Tapi,19.00958588,0.382547724,308.6223708,288.997105,287.0454873,48.23883742,2.20395643,0,0
2016?17,Tapi,24.83668559,0.491834322,308.0922936,288.3603491,286.1857305,47.21990012,1.274333174,0,0
2017?18,Tapi,24.29665185,0.50852449,308.230222,289.4242788,286.8499514,47.58101703,2.147123736,0,0
2018?19,Tapi,17.83602155,0.516257773,308.4651976,290.0103815,285.1855524,41.65060506,0.272629312,0,0
2019-20,Tapi,39.32190152,0.418672431,306.7624637,289.0583809,288.9739257,57.61171962,5.63237806,0,0
2020-21,Tapi,33.12935814,0.509557412,307.8378152,288.0524701,287.4702641,52.19688596,5.868636016,0,0
2021-22,Tapi,33.56894999,0.208810355,306.2271119,289.0741714,287.4474127,53.04358097,6.137323819,0,0
2014-15,Vadodara,30.23762088,0.522962184,308.1133525,288.8044311,286.2895511,46.88871649,5.31730831,0.1,0.07
2015-16,Vadodara,24.15599632,0.522631779,308.9345388,287.9298275,285.2204664,43.78515579,0.891770316,0.2,0.14
2016?17,Vadodara,29.39876014,0.49218415,308.0069606,288.1266665,285.4952277,45.56232592,1.299408143,0.1,0.07
2017?18,Vadodara,27.0478043,0.427347255,308.2653034,287.5291318,285.8345891,47.06087131,1.691559433,0,0
2018?19,Vadodara,26.67146265,0.536081022,308.4582504,288.1023606,284.1102083,41.05497791,0.11293216,0.28,0.16
2019-20,Vadodara,45.95833833,0.558168903,306.6286347,288.7142706,287.890004,54.51301031,6.144952893,0.12,0.09
2020-21,Vadodara,35.5098192,0.526996851,307.6323349,288.8625449,286.2665401,47.41013988,3.157115058,0,0
2021-22,Vadodara,36.1955182,0.428432461,306.245836,288.9724982,286.1023278,48.72289371,3.995386069,0.42,0.3
2014-15,Valsad,27.84304914,0.433661453,307.8066104,288.8071049,288.0552388,53.04970537,5.770653408,0,0
2015-16,Valsad,26.21532059,0.459274248,308.0028833,290.3680979,288.3116931,51.19682867,2.558513408,0,0
2016?17,Valsad,28.56492348,0.528804505,307.7961828,288.9499276,286.9949844,49.34226945,1.373363511,0,0
2017?18,Valsad,28.79820826,0.497792315,307.6770475,288.096481,288.1408638,54.69329369,2.115810409,0,0
2018?19,Valsad,22.37271688,0.432786229,307.6701848,290.415132,286.502232,45.92786611,0.680137986,0,0
2019-20,Valsad,41.21103146,0.492197281,306.5023398,290.0847854,289.8355955,59.48850772,5.910778245,0,0
2020-21,Valsad,34.07862094,0.555230762,307.3487161,289.9089282,288.6358412,54.02227268,6.616609825,0,0
2021-22,Valsad,36.31068157,0.554230683,305.9125984,289.4775985,288.5962852,56.96342556,6.656070647,0,0
